USE openiam;

insert into RES (RESOURCE_ID, RESOURCE_TYPE_ID,NAME, DISPLAY_ORDER, MANAGED_SYS_ID ) VALUES ('110', 'MANAGED_SYS', 'ACTIVE DIRECTORY', 3, '110');

insert into RESOURCE_PROP(RESOURCE_PROP_ID, RESOURCE_ID, NAME, PROP_VALUE) VALUES ('220', '110','ON_DELETE', 'DELETE');
insert into RESOURCE_PROP(RESOURCE_PROP_ID, RESOURCE_ID, NAME, PROP_VALUE) VALUES ('221', '110','INCLUDE_IN_PASSWORD_SYNC', 'Y');

INSERT INTO MANAGED_SYS (MANAGED_SYS_ID, NAME, DESCRIPTION, STATUS, CONNECTOR_ID, DOMAIN_ID, HOST_URL, PORT, COMM_PROTOCOL, RESOURCE_ID)
VALUES('110','OPENIAM_AD', 'ACTIVE DIRECTORY', 'ACTIVE', '51', 'USR_SEC_DOMAIN', 'ldap://localhost','389', 'CLEAR', '101'   );

insert into MNG_SYS_OBJECT_MATCH(OBJECT_SEARCH_ID, MANAGED_SYS_ID, OBJECT_TYPE, MATCH_METHOD, SEARCH_FILTER, BASE_DN, SEARCH_BASE_DN ,KEY_FIELD)
VALUES('110', '110', 'USER', 'BASE_DN', '(&(objectclass=user)(?))','OU=Users,OU=OpenIAM,DC=ocgov,DC=dev','OU=Users,OU=OpenIAM,DC=ocgov,DC=dev','cn');



/* ACTIVE DIR Attributes*/
insert into POLICY (POLICY_ID, POLICY_DEF_ID, NAME, DESCRIPTION, STATUS,   CREATED_BY, RULE,  RULE_SRC_URL) VALUES ('4632','104', 'ad-CN', 'CN', 1,  '3000', '','provision/ad/adCN.groovy');
insert into POLICY (POLICY_ID, POLICY_DEF_ID, NAME, DESCRIPTION, STATUS,   CREATED_BY, RULE,  RULE_SRC_URL) VALUES ('4630','104', 'ad-sAMAccountName', 'sAMAccountName', 1,  '3000', '','provision/ad/sAMAccountName.groovy');
insert into POLICY (POLICY_ID, POLICY_DEF_ID, NAME, DESCRIPTION, STATUS,   CREATED_BY, RULE,  RULE_SRC_URL) VALUES ('4631','104', 'ad-givenName', 'givenName', 1,  '3000', '','provision/ad/sAMAccountName.groovy');
insert into POLICY (POLICY_ID, POLICY_DEF_ID, NAME, DESCRIPTION, STATUS,   CREATED_BY, RULE,  RULE_SRC_URL) VALUES ('4633','104', 'ad-ou', 'ou', 1,  '3000', '','provision/ad/sAMAccountName.groovy');
insert into POLICY (POLICY_ID, POLICY_DEF_ID, NAME, DESCRIPTION, STATUS,   CREATED_BY, RULE,  RULE_SRC_URL) VALUES ('4634','104', 'ad-objectclass', 'objectclass', 1,  '3000', '','provision/ad/objectclass.groovy');
insert into POLICY (POLICY_ID, POLICY_DEF_ID, NAME, DESCRIPTION, STATUS,   CREATED_BY, RULE,  RULE_SRC_URL) VALUES ('4635','104', 'ad-profilePath', 'profilePath', 1,  '3000', '','provision/ad/profilePath.groovy');
insert into POLICY (POLICY_ID, POLICY_DEF_ID, NAME, DESCRIPTION, STATUS,   CREATED_BY, RULE,  RULE_SRC_URL) VALUES ('4636','104', 'ad-homeDirectory', 'homeDirectory', 1,  '3000', '','provision/ad/homeDirectory.groovy');
insert into POLICY (POLICY_ID, POLICY_DEF_ID, NAME, DESCRIPTION, STATUS,   CREATED_BY, RULE,  RULE_SRC_URL) VALUES ('4637','104', 'ad-homeDrive', 'homeDrive', 1,  '3000', '','provision/ad/homeDrive.groovy');
insert into POLICY (POLICY_ID, POLICY_DEF_ID, NAME, DESCRIPTION, STATUS,   CREATED_BY, RULE,  RULE_SRC_URL) VALUES ('4639','104', 'ad-scriptPath', 'scriptPath', 1,  '3000', '','provision/ad/scriptPath.groovy');
insert into POLICY (POLICY_ID, POLICY_DEF_ID, NAME, DESCRIPTION, STATUS,   CREATED_BY, RULE,  RULE_SRC_URL) VALUES ('4640','104', 'ad-company', 'company', 1,  '3000', '','provision/ad/company.groovy');
insert into POLICY (POLICY_ID, POLICY_DEF_ID, NAME, DESCRIPTION, STATUS,   CREATED_BY, RULE,  RULE_SRC_URL) VALUES ('4642','104', 'ad-initials', 'initials', 1,  '3000', '','provision/ad/initials.groovy');
insert into POLICY (POLICY_ID, POLICY_DEF_ID, NAME, DESCRIPTION, STATUS,   CREATED_BY, RULE,  RULE_SRC_URL) VALUES ('4643','104', 'ad-department', 'department', 1,  '3000', '','provision/ad/department.groovy');
insert into POLICY (POLICY_ID, POLICY_DEF_ID, NAME, DESCRIPTION, STATUS,   CREATED_BY, RULE,  RULE_SRC_URL) VALUES ('4644','104', 'ad-telephoneNumber', 'telephoneNumber', 1,  '3000', '','provision/ad/telephoneNumber.groovy');
insert into POLICY (POLICY_ID, POLICY_DEF_ID, NAME, DESCRIPTION, STATUS,   CREATED_BY, RULE,  RULE_SRC_URL) VALUES ('4645','104', 'ad-title', 'title', 1,  '3000', '','provision/ad/title.groovy');
insert into POLICY (POLICY_ID, POLICY_DEF_ID, NAME, DESCRIPTION, STATUS,   CREATED_BY, RULE,  RULE_SRC_URL) VALUES ('4646','104', 'ad-unicodePwd', 'unicodePwd', 1,  '3000', '','provision/ad/unicodePwd.groovy');
insert into POLICY (POLICY_ID, POLICY_DEF_ID, NAME, DESCRIPTION, STATUS,   CREATED_BY, RULE,  RULE_SRC_URL) VALUES ('4650','104', 'ad-userAccountControl', 'userAccountControl', 1,  '3000', '','provision/ad/userAccountControl.groovy');


/* MAP FOR AD 2008 */
INSERT INTO ATTRIBUTE_MAP(ATTRIBUTE_MAP_ID, MANAGED_SYS_ID, RESOURCE_ID, MAP_FOR_OBJECT_TYPE, ATTRIBUTE_NAME, ATTRIBUTE_POLICY_ID) VALUES ('501', '110', '110','PRINCIPAL', 'CN', '4632');
INSERT INTO ATTRIBUTE_MAP(ATTRIBUTE_MAP_ID, MANAGED_SYS_ID, RESOURCE_ID, MAP_FOR_OBJECT_TYPE, ATTRIBUTE_NAME, ATTRIBUTE_POLICY_ID) VALUES ('502', '110', '110','USER', 'sAMAccountName', '4630');
INSERT INTO ATTRIBUTE_MAP(ATTRIBUTE_MAP_ID, MANAGED_SYS_ID, RESOURCE_ID, MAP_FOR_OBJECT_TYPE, ATTRIBUTE_NAME, ATTRIBUTE_POLICY_ID) VALUES ('503', '110', '110','USER', 'sn', '4506');
INSERT INTO ATTRIBUTE_MAP(ATTRIBUTE_MAP_ID, MANAGED_SYS_ID, RESOURCE_ID, MAP_FOR_OBJECT_TYPE, ATTRIBUTE_NAME, ATTRIBUTE_POLICY_ID) VALUES ('504', '110', '110','USER', 'givenName', '4631');
INSERT INTO ATTRIBUTE_MAP(ATTRIBUTE_MAP_ID, MANAGED_SYS_ID, RESOURCE_ID, MAP_FOR_OBJECT_TYPE, ATTRIBUTE_NAME, ATTRIBUTE_POLICY_ID) VALUES ('505', '110', '110','USER', 'displayName', '4517');
INSERT INTO ATTRIBUTE_MAP(ATTRIBUTE_MAP_ID, MANAGED_SYS_ID, RESOURCE_ID, MAP_FOR_OBJECT_TYPE, ATTRIBUTE_NAME, ATTRIBUTE_POLICY_ID) VALUES ('506', '110', '110','USER', 'ou', '4633');
INSERT INTO ATTRIBUTE_MAP(ATTRIBUTE_MAP_ID, MANAGED_SYS_ID, RESOURCE_ID, MAP_FOR_OBJECT_TYPE, ATTRIBUTE_NAME, ATTRIBUTE_POLICY_ID) VALUES ('507', '110', '110','USER', 'objectclass', '4634');
INSERT INTO ATTRIBUTE_MAP(ATTRIBUTE_MAP_ID, MANAGED_SYS_ID, RESOURCE_ID, MAP_FOR_OBJECT_TYPE, ATTRIBUTE_NAME, ATTRIBUTE_POLICY_ID) VALUES ('508', '110', '110','USER', 'profilePath', '4635');
INSERT INTO ATTRIBUTE_MAP(ATTRIBUTE_MAP_ID, MANAGED_SYS_ID, RESOURCE_ID, MAP_FOR_OBJECT_TYPE, ATTRIBUTE_NAME, ATTRIBUTE_POLICY_ID) VALUES ('509', '110', '110','USER', 'homeDirectory', '4636');
INSERT INTO ATTRIBUTE_MAP(ATTRIBUTE_MAP_ID, MANAGED_SYS_ID, RESOURCE_ID, MAP_FOR_OBJECT_TYPE, ATTRIBUTE_NAME, ATTRIBUTE_POLICY_ID) VALUES ('510', '110', '110','USER', 'homeDrive', '4637');
INSERT INTO ATTRIBUTE_MAP(ATTRIBUTE_MAP_ID, MANAGED_SYS_ID, RESOURCE_ID, MAP_FOR_OBJECT_TYPE, ATTRIBUTE_NAME, ATTRIBUTE_POLICY_ID) VALUES ('511', '110', '110','USER', 'scriptPath', '4639');
INSERT INTO ATTRIBUTE_MAP(ATTRIBUTE_MAP_ID, MANAGED_SYS_ID, RESOURCE_ID, MAP_FOR_OBJECT_TYPE, ATTRIBUTE_NAME, ATTRIBUTE_POLICY_ID) VALUES ('512', '110', '110','USER', 'company', '4640');
INSERT INTO ATTRIBUTE_MAP(ATTRIBUTE_MAP_ID, MANAGED_SYS_ID, RESOURCE_ID, MAP_FOR_OBJECT_TYPE, ATTRIBUTE_NAME, ATTRIBUTE_POLICY_ID) VALUES ('513', '110', '110','USER', 'initials', '4642');
INSERT INTO ATTRIBUTE_MAP(ATTRIBUTE_MAP_ID, MANAGED_SYS_ID, RESOURCE_ID, MAP_FOR_OBJECT_TYPE, ATTRIBUTE_NAME, ATTRIBUTE_POLICY_ID) VALUES ('514', '110', '110','USER', 'department', '4643');
INSERT INTO ATTRIBUTE_MAP(ATTRIBUTE_MAP_ID, MANAGED_SYS_ID, RESOURCE_ID, MAP_FOR_OBJECT_TYPE, ATTRIBUTE_NAME, ATTRIBUTE_POLICY_ID) VALUES ('515', '110', '110','USER', 'telephoneNumber', '4644');
INSERT INTO ATTRIBUTE_MAP(ATTRIBUTE_MAP_ID, MANAGED_SYS_ID, RESOURCE_ID, MAP_FOR_OBJECT_TYPE, ATTRIBUTE_NAME, ATTRIBUTE_POLICY_ID) VALUES ('516', '110', '110','USER', 'title', '4645');
INSERT INTO ATTRIBUTE_MAP(ATTRIBUTE_MAP_ID, MANAGED_SYS_ID, RESOURCE_ID, MAP_FOR_OBJECT_TYPE, ATTRIBUTE_NAME, ATTRIBUTE_POLICY_ID) VALUES ('517', '110', '110','USER', 'unicodePwd', '4646');

INSERT INTO ATTRIBUTE_MAP(ATTRIBUTE_MAP_ID, MANAGED_SYS_ID, RESOURCE_ID, MAP_FOR_OBJECT_TYPE, ATTRIBUTE_NAME, ATTRIBUTE_POLICY_ID) VALUES ('518', '110', '110','USER', 'userAccountControl', '4650');


UPDATE ATTRIBUTE_MAP
SET DATA_TYPE = 'string'
where DATA_TYPE IS NULL AND MANAGED_SYS_ID = '110';


commit;